{
    "identityPoolName": "awsdentale726916b_identitypool_e726916b",
    "allowUnauthenticatedIdentities": true,
    "resourceNameTruncated": "awsdene726916b",
    "userPoolName": "awsdentale726916b_userpool_e726916b",
    "autoVerifiedAttributes": [
        "email"
    ],
    "mfaConfiguration": "OFF",
    "mfaTypes": [
        "SMS Text Message"
    ],
    "smsAuthenticationMessage": "Your authentication code is {####}",
    "smsVerificationMessage": "Your verification code is {####}",
    "emailVerificationSubject": "Your verification code",
    "emailVerificationMessage": "Your verification code is {####}",
    "defaultPasswordPolicy": false,
    "passwordPolicyMinLength": 8,
    "passwordPolicyCharacters": [],
    "requiredAttributes": [
        "email"
    ],
    "userpoolClientGenerateSecret": false,
    "userpoolClientRefreshTokenValidity": 30,
    "userpoolClientWriteAttributes": [
        "email"
    ],
    "userpoolClientReadAttributes": [
        "email"
    ],
    "userpoolClientLambdaRole": "awsdene726916b_userpoolclient_lambda_role",
    "userpoolClientSetAttributes": false,
    "sharedId": "e726916b",
    "resourceName": "awsdentale726916b",
    "authSelections": "identityPoolAndUserPool",
    "authRoleArn": {
        "Fn::GetAtt": [
            "AuthRole",
            "Arn"
        ]
    },
    "unauthRoleArn": {
        "Fn::GetAtt": [
            "UnauthRole",
            "Arn"
        ]
    },
    "useDefault": "manual",
    "usernameAttributes": [
        "email"
    ],
    "userPoolGroupList": [],
    "serviceName": "Cognito",
    "usernameCaseSensitive": false,
    "dependsOn": [],
    "thirdPartyAuth": false,
    "userPoolGroups": false,
    "adminQueries": false,
    "triggers": "{}",
    "hostedUI": false,
    "parentStack": {
        "Ref": "AWS::StackId"
    },
    "breakCircularDependency": true,
    "permissions": [],
    "authProviders": []
}