{
  "paths": [
    {
      "name": "/retryInvoice",
      "lambdaFunction": "retryInvoice",
      "privacy": {
        "open": true
      },
      "policyResourceName": "/retryInvoice"
    }
  ],
  "resourceName": "retryInvoice",
  "apiName": "retryInvoice",
  "functionArns": [
    {
      "lambdaFunction": "retryInvoice"
    }
  ],
  "privacy": {
    "auth": 0,
    "unauth": 0,
    "authRoleName": "amplify-awsdental-dev-82304-authRole",
    "unAuthRoleName": "amplify-awsdental-dev-82304-unauthRole"
  },
  "dependsOn": [
    {
      "category": "function",
      "resourceName": "retryInvoice",
      "attributes": [
        "Name",
        "Arn"
      ]
    }
  ]
}