{
  "auth": {
    "awsdentale726916b": {
      "service": "Cognito",
      "providerPlugin": "awscloudformation",
      "dependsOn": [],
      "customAuth": false
    }
  },
  "api": {
    "awsdental": {
      "service": "AppSync",
      "providerPlugin": "awscloudformation",
      "output": {
        "authConfig": {
          "defaultAuthentication": {
            "authenticationType": "AMAZON_COGNITO_USER_POOLS",
            "userPoolConfig": {
              "userPoolId": "authawsdentale726916b"
            }
          },
          "additionalAuthenticationProviders": []
        }
      }
    },
    "createSubscription": {
      "service": "API Gateway",
      "providerPlugin": "awscloudformation",
      "dependsOn": [
        {
          "category": "function",
          "resourceName": "createSubscription",
          "attributes": [
            "Name",
            "Arn"
          ]
        }
      ]
    },
    "handleSubscription": {
      "service": "API Gateway",
      "providerPlugin": "awscloudformation",
      "dependsOn": [
        {
          "category": "function",
          "resourceName": "handleSubscription",
          "attributes": [
            "Name",
            "Arn"
          ]
        }
      ]
    },
    "retrieveSubscription": {
      "service": "API Gateway",
      "providerPlugin": "awscloudformation",
      "dependsOn": [
        {
          "category": "function",
          "resourceName": "retrieveSubscription",
          "attributes": [
            "Name",
            "Arn"
          ]
        }
      ]
    },
    "webhooks": {
      "service": "API Gateway",
      "providerPlugin": "awscloudformation",
      "dependsOn": [
        {
          "category": "function",
          "resourceName": "webhooks",
          "attributes": [
            "Name",
            "Arn"
          ]
        }
      ]
    },
    "createCustomer": {
      "service": "API Gateway",
      "providerPlugin": "awscloudformation",
      "dependsOn": [
        {
          "category": "function",
          "resourceName": "createCustomer",
          "attributes": [
            "Name",
            "Arn"
          ]
        }
      ]
    },
    "retrievePaymentMethod": {
      "service": "API Gateway",
      "providerPlugin": "awscloudformation",
      "dependsOn": [
        {
          "category": "function",
          "resourceName": "retrievePaymentMethod",
          "attributes": [
            "Name",
            "Arn"
          ]
        }
      ]
    },
    "updatePaymentMethod": {
      "service": "API Gateway",
      "providerPlugin": "awscloudformation",
      "dependsOn": [
        {
          "category": "function",
          "resourceName": "updatePaymentMethod",
          "attributes": [
            "Name",
            "Arn"
          ]
        }
      ]
    },
    "retryInvoice": {
      "service": "API Gateway",
      "providerPlugin": "awscloudformation",
      "dependsOn": [
        {
          "category": "function",
          "resourceName": "retryInvoice",
          "attributes": [
            "Name",
            "Arn"
          ]
        }
      ]
    },
    "getListSubscriptions": {
      "service": "API Gateway",
      "providerPlugin": "awscloudformation",
      "dependsOn": [
        {
          "category": "function",
          "resourceName": "getListSubscriptions",
          "attributes": [
            "Name",
            "Arn"
          ]
        }
      ]
    },
    "createPlan": {
      "service": "API Gateway",
      "providerPlugin": "awscloudformation",
      "dependsOn": [
        {
          "category": "function",
          "resourceName": "createPlan",
          "attributes": [
            "Name",
            "Arn"
          ]
        }
      ]
    },
    "retrievePlan": {
      "service": "API Gateway",
      "providerPlugin": "awscloudformation",
      "dependsOn": [
        {
          "category": "function",
          "resourceName": "retrievePlan",
          "attributes": [
            "Name",
            "Arn"
          ]
        }
      ]
    },
    "updatePlan": {
      "service": "API Gateway",
      "providerPlugin": "awscloudformation",
      "dependsOn": [
        {
          "category": "function",
          "resourceName": "updatePlan",
          "attributes": [
            "Name",
            "Arn"
          ]
        }
      ]
    },
    "deletePlan": {
      "service": "API Gateway",
      "providerPlugin": "awscloudformation",
      "dependsOn": [
        {
          "category": "function",
          "resourceName": "deletePlan",
          "attributes": [
            "Name",
            "Arn"
          ]
        }
      ]
    },
    "listAllPlans": {
      "service": "API Gateway",
      "providerPlugin": "awscloudformation",
      "dependsOn": [
        {
          "category": "function",
          "resourceName": "listAllPlans",
          "attributes": [
            "Name",
            "Arn"
          ]
        }
      ]
    }
  },
  "storage": {
    "awsdentalstorage": {
      "service": "S3",
      "providerPlugin": "awscloudformation"
    },
    "dynamo0d540daa": {
      "service": "DynamoDB",
      "providerPlugin": "awscloudformation"
    }
  },
  "function": {
    "createSubscription": {
      "build": true,
      "providerPlugin": "awscloudformation",
      "service": "Lambda"
    },
    "handleSubscription": {
      "build": true,
      "providerPlugin": "awscloudformation",
      "service": "Lambda"
    },
    "retrieveSubscription": {
      "build": true,
      "providerPlugin": "awscloudformation",
      "service": "Lambda"
    },
    "webhooks": {
      "build": true,
      "providerPlugin": "awscloudformation",
      "service": "Lambda"
    },
    "createCustomer": {
      "build": true,
      "providerPlugin": "awscloudformation",
      "service": "Lambda"
    },
    "retrievePaymentMethod": {
      "build": true,
      "providerPlugin": "awscloudformation",
      "service": "Lambda"
    },
    "updatePaymentMethod": {
      "build": true,
      "providerPlugin": "awscloudformation",
      "service": "Lambda"
    },
    "retryInvoice": {
      "build": true,
      "providerPlugin": "awscloudformation",
      "service": "Lambda"
    },
    "getListSubscriptions": {
      "build": true,
      "providerPlugin": "awscloudformation",
      "service": "Lambda"
    },
    "createPlan": {
      "build": true,
      "providerPlugin": "awscloudformation",
      "service": "Lambda"
    },
    "retrievePlan": {
      "build": true,
      "providerPlugin": "awscloudformation",
      "service": "Lambda"
    },
    "updatePlan": {
      "build": true,
      "providerPlugin": "awscloudformation",
      "service": "Lambda"
    },
    "deletePlan": {
      "build": true,
      "providerPlugin": "awscloudformation",
      "service": "Lambda"
    },
    "listAllPlans": {
      "build": true,
      "providerPlugin": "awscloudformation",
      "service": "Lambda"
    }
  }
}